id,codigo,sku,nombre,categoria,marca,precio,archivo,estado,fuente_url,busqueda
1,P0001,12896,CEREAL KELLOGGS ZUCARITAS 600G,Abarrotes para el Desayuno,Kelloggs,96.3,imagenes_reales\001_cereal_kelloggs_zucaritas_600g.png,descargado,https://surtitienda.vteximg.com.br/arquivos/ids/190010/Cereal-Kellogg’s-Zucaritas-600g-7501008057292.png?v=639083262637230000,"Kelloggs Nestlé ""CEREAL KELLOGGS ZUCARITAS 600G"" producto supermercado México"
2,P0002,11314,Polvo Choco Kiwi Pronto 350 Gr - Choco Kiwi,Abarrotes para el Desayuno,CHOCO KIWI,38.7,imagenes_reales\002_polvo_choco_kiwi_pronto_350_gr_choco_kiwi.jpg,descargado,https://surtitienda.vteximg.com.br/arquivos/ids/185825/07501200485022.1.jpg?v=637125562721570000,"marca mexicana producto ""Polvo Choco Kiwi Pronto 350 Gr - Choco Kiwi"" producto supermercado México"
3,P0003,9703,Velita Profina Para Posada 20P - Profina,Fiesta y Desechables,Profina,9.4,imagenes_reales\003_velita_profina_para_posada_20p_profina.jpg,descargado,https://surtitienda.vteximg.com.br/arquivos/ids/185709/07501102239990.1.jpg?v=637125541658800000,"marca mexicana producto ""Velita Profina Para Posada 20P - Profina"" producto supermercado México"
4,P0004,8209,Foco Osram Minibellalux 40W Blanco Pieza - Osram,Ferreteria,Osram,16.0,imagenes_reales\004_foco_osram_minibellalux_40w_blanco_pieza_osram.jpg,descargado,https://surtitienda.vteximg.com.br/arquivos/ids/173509/04050300106977.1.jpg?v=636862264610400000,"marca mexicana producto ""Foco Osram Minibellalux 40W Blanco Pieza - Osram"" producto supermercado México"
5,P0005,9098,Bolsas Bol Rol Chica Bio 15X22 50 Pzas - Bol Rol,Limpieza y Cuidado en el Hogar,Bol Rol,22.0,imagenes_reales\005_bolsas_bol_rol_chica_bio_15x22_50_pzas_bol_rol.jpg,descargado,https://surtitienda.vteximg.com.br/arquivos/ids/185012/07501019911118.1.jpg?v=637124867699100000,"Glad Great Value ""Bolsas Bol Rol Chica Bio 15X22 50 Pzas - Bol Rol"" producto supermercado México"
6,P0006,9097,Cesto Cubasa Papelero Rect #25 1Pza - Cubasa,Limpieza y Cuidado en el Hogar,Cubasa,122.3,imagenes_reales\006_cesto_cubasa_papelero_rect_25_1pza_cubasa.jpg,descargado,https://surtitienda.vteximg.com.br/arquivos/ids/177353/07501166514620.1.jpg?v=637062397851130000,"marca mexicana producto ""Cesto Cubasa Papelero Rect #25 1Pza - Cubasa"" producto supermercado México"
7,P0007,6147,Fibra Scotch Brite Esponja 64X100 - Scotch Brite,Limpieza y Cuidado en el Hogar,Scotch Brite,17.7,imagenes_reales\007_fibra_scotch_brite_esponja_64x100_scotch_brite.jpg,descargado,https://surtitienda.vteximg.com.br/arquivos/ids/169480/07501023100089.1.jpg?v=636862247857970000,"marca mexicana producto ""Fibra Scotch Brite Esponja 64X100 - Scotch Brite"" producto supermercado México"
8,P0008,6141,Fibra Scotch Brite Verde 120X150 - Scotch Brite,Limpieza y Cuidado en el Hogar,Scotch Brite,721.5,imagenes_reales\008_fibra_scotch_brite_verde_120x150_scotch_brite.jpg,descargado,https://surtitienda.vteximg.com.br/arquivos/ids/169452/07501023100027.1.jpg?v=636862247759730000,"marca mexicana producto ""Fibra Scotch Brite Verde 120X150 - Scotch Brite"" producto supermercado México"
9,P0009,6143,Fibra Scotch Brite Verde 92X150 - Scotch Brite,Limpieza y Cuidado en el Hogar,Scotch Brite,313.1,imagenes_reales\009_fibra_scotch_brite_verde_92x150_scotch_brite.jpg,descargado,https://surtitienda.vteximg.com.br/arquivos/ids/169462/07501023100065.1.jpg?v=636862247794330000,"marca mexicana producto ""Fibra Scotch Brite Verde 92X150 - Scotch Brite"" producto supermercado México"
10,P0010,6297,Secador Jacamsa 50X50 Pieza - Jacamsa,Limpieza y Cuidado en el Hogar,Jacamsa,244.7,imagenes_reales\010_secador_jacamsa_50x50_pieza_jacamsa.jpg,descargado,https://surtitienda.vteximg.com.br/arquivos/ids/169961/07501858421168.1.jpg?v=636862250129770000,"marca mexicana producto ""Secador Jacamsa 50X50 Pieza - Jacamsa"" producto supermercado México"
11,P0011,6187,Fibra Fregon Mr. Lujo Oro Y Plata Pieza - Fregon,Limpieza y Cuidado en el Hogar,Fregon,14.9,imagenes_reales\011_fibra_fregon_mr_lujo_oro_y_plata_pieza_fregon.jpg,descargado,https://surtitienda.vteximg.com.br/arquivos/ids/169680/00726866011010.1.jpg?v=636862248638130000,"marca mexicana producto ""Fibra Fregon Mr. Lujo Oro Y Plata Pieza - Fregon"" producto supermercado México"
12,P0012,6319,Jerga Jacamsa Delgada 48X50 Pieza - Jacamsa,Limpieza y Cuidado en el Hogar,Jacamsa,175.4,imagenes_reales\012_jerga_jacamsa_delgada_48x50_pieza_jacamsa.jpg,descargado,https://surtitienda.vteximg.com.br/arquivos/ids/170026/07501858421496.1.jpg?v=636862250460030000,"marca mexicana producto ""Jerga Jacamsa Delgada 48X50 Pieza - Jacamsa"" producto supermercado México"
13,P0013,6315,Jerga Jacamsa 48X100 Pieza - Jacamsa,Limpieza y Cuidado en el Hogar,Jacamsa,401.0,imagenes_reales\013_jerga_jacamsa_48x100_pieza_jacamsa.jpg,descargado,https://surtitienda.vteximg.com.br/arquivos/ids/170012/07501858421472.1.jpg?v=636862250380230000,"marca mexicana producto ""Jerga Jacamsa 48X100 Pieza - Jacamsa"" producto supermercado México"
14,P0014,6301,Secador Jacamsa 57X75 Pieza - Jacamsa,Limpieza y Cuidado en el Hogar,Jacamsa,343.1,imagenes_reales\014_secador_jacamsa_57x75_pieza_jacamsa.jpg,descargado,https://surtitienda.vteximg.com.br/arquivos/ids/169974/07501858421427.1.jpg?v=636862250190770000,"marca mexicana producto ""Secador Jacamsa 57X75 Pieza - Jacamsa"" producto supermercado México"
15,P0015,6299,Secador Jacamsa 57X60 Pieza - Jacamsa,Limpieza y Cuidado en el Hogar,Jacamsa,291.8,imagenes_reales\015_secador_jacamsa_57x60_pieza_jacamsa.jpg,descargado,https://surtitienda.vteximg.com.br/arquivos/ids/169968/07501858421410.1.jpg?v=636862250162470000,"marca mexicana producto ""Secador Jacamsa 57X60 Pieza - Jacamsa"" producto supermercado México"
16,P0016,9096,Fibra Fix Metalica Cobre Maya Pza - Fix,Limpieza y Cuidado en el Hogar,Fix,27.0,imagenes_reales\016_fibra_fix_metalica_cobre_maya_pza_fix.jpg,descargado,https://surtitienda.vteximg.com.br/arquivos/ids/177351/07501076700090.1.jpg?v=637062397840170000,"marca mexicana producto ""Fibra Fix Metalica Cobre Maya Pza - Fix"" producto supermercado México"
17,P0017,6167,Fibra Fix Con Acero 10 Cm Pieza - Fix,Limpieza y Cuidado en el Hogar,Fix,35.9,imagenes_reales\017_fibra_fix_con_acero_10_cm_pieza_fix.jpg,descargado,https://surtitienda.vteximg.com.br/arquivos/ids/169576/07501076700069.1.jpg?v=636862248225400000,"marca mexicana producto ""Fibra Fix Con Acero 10 Cm Pieza - Fix"" producto supermercado México"
18,P0018,7423,Pasta Dental Colgate Mfp 50Ml - Colgate,Cuidado e Higiene Personal,Colgate,19.0,imagenes_reales\018_pasta_dental_colgate_mfp_50ml_colgate.jpg,descargado,https://surtitienda.vteximg.com.br/arquivos/ids/172142/07501035911567.1.jpg?v=636862259360870000,"La Moderna Barilla ""Pasta Dental Colgate Mfp 50Ml - Colgate"" producto supermercado México"
19,P0019,6168,Fibra Tallafix Multiusos Pza - Fix,Limpieza y Cuidado en el Hogar,Fix,16.0,imagenes_reales\019_fibra_tallafix_multiusos_pza_fix.jpg,descargado,https://surtitienda.vteximg.com.br/arquivos/ids/169584/07501076700243.1.jpg?v=636862248253470000,"marca mexicana producto ""Fibra Tallafix Multiusos Pza - Fix"" producto supermercado México"
20,P0020,9095,Fibra Scotch Brite Para Baño 92X146 - Scotch Brite,Limpieza y Cuidado en el Hogar,Scotch Brite,33.7,imagenes_reales\020_fibra_scotch_brite_para_bano_92x146_scotch_brite.jpg,descargado,https://surtitienda.vteximg.com.br/arquivos/ids/177349/07501023100034.1.jpg?v=637062397830170000,"marca mexicana producto ""Fibra Scotch Brite Para Baño 92X146 - Scotch Brite"" producto supermercado México"
21,P0021,7418,Pasta Dental Colgate Total 100Ml - Colgate,Cuidado e Higiene Personal,Colgate,3275.0,imagenes_reales\021_pasta_dental_colgate_total_100ml_colgate.jpg,descargado,https://surtitienda.vteximg.com.br/arquivos/ids/172106/07501035911369.1.jpg?v=636862259243370000,"La Moderna Barilla ""Pasta Dental Colgate Total 100Ml - Colgate"" producto supermercado México"
22,P0022,7360,Enjuague Listerine Cool Mint 500Ml - Listerine,Cuidado e Higiene Personal,Listerine,1250.6,imagenes_reales\022_enjuague_listerine_cool_mint_500ml_listerine.jpg,descargado,https://surtitienda.vteximg.com.br/arquivos/ids/171857/00312547321815.1.jpg?v=636862258256870000,"Listerine ""Enjuague Listerine Cool Mint 500Ml - Listerine"" producto supermercado México"
23,P0023,7414,Pasta Dental Colgate Máxima Protección Anticaries 125Ml - Colgate,Cuidado e Higiene Personal,Colgate,3275.9,imagenes_reales\023_pasta_dental_colgate_maxima_proteccion_anticaries_125ml_colgate.jpg,descargado,https://surtitienda.vteximg.com.br/arquivos/ids/172075/07501035911024.1.jpg?v=636862259114800000,"La Moderna Barilla ""Pasta Dental Colgate Máxima Protección Anticaries 125Ml - Colgate"" producto supermercado México"
24,P0024,7412,Pasta Dental Colgate Mfp 150grs - Colgate,Cuidado e Higiene Personal,Colgate,3102.2,imagenes_reales\024_pasta_dental_colgate_mfp_150grs_colgate.jpg,descargado,https://surtitienda.vteximg.com.br/arquivos/ids/172057/07501035911017.1.jpg?v=636862259046900000,"La Moderna Barilla ""Pasta Dental Colgate Mfp 150grs - Colgate"" producto supermercado México"
25,P0025,9094,Fibra Fix Esponja 8X12Cm Pza - Fix,Limpieza y Cuidado en el Hogar,Fix,31.6,imagenes_reales\025_fibra_fix_esponja_8x12cm_pza_fix.jpg,descargado,https://surtitienda.vteximg.com.br/arquivos/ids/177347/07501076700052.1.jpg?v=637062397816730000,"marca mexicana producto ""Fibra Fix Esponja 8X12Cm Pza - Fix"" producto supermercado México"
26,P0026,9093,Fibra Fix Verde 9 X15Cm 2Pzas - Fix,Limpieza y Cuidado en el Hogar,Fix,16.2,imagenes_reales\026_fibra_fix_verde_9_x15cm_2pzas_fix.jpg,descargado,https://surtitienda.vteximg.com.br/arquivos/ids/177345/07501076700014.1.jpg?v=637062397798900000,"marca mexicana producto ""Fibra Fix Verde 9 X15Cm 2Pzas - Fix"" producto supermercado México"
27,P0027,9092,Fibra Fix Extra Gruesa 8X14Cm Pza Negra - Fix,Limpieza y Cuidado en el Hogar,Fix,33.8,imagenes_reales\027_fibra_fix_extra_gruesa_8x14cm_pza_negra_fix.jpg,descargado,https://surtitienda.vteximg.com.br/arquivos/ids/177343/07501076700106.1.jpg?v=637062397788870000,"marca mexicana producto ""Fibra Fix Extra Gruesa 8X14Cm Pza Negra - Fix"" producto supermercado México"
28,P0028,6145,Fibra Scotch Brite Esponja 80X120 - Scotch Brite,Limpieza y Cuidado en el Hogar,Scotch Brite,735.4,imagenes_reales\028_fibra_scotch_brite_esponja_80x120_scotch_brite.jpg,descargado,https://surtitienda.vteximg.com.br/arquivos/ids/169472/07501023100072.1.jpg?v=636862247826100000,"marca mexicana producto ""Fibra Scotch Brite Esponja 80X120 - Scotch Brite"" producto supermercado México"
29,P0029,6139,Fibra Scotch Brite Para Parrilla 92X146 - Scotch Brite,Limpieza y Cuidado en el Hogar,Scotch Brite,425.6,imagenes_reales\029_fibra_scotch_brite_para_parrilla_92x146_scotch_brite.jpg,descargado,https://surtitienda.vteximg.com.br/arquivos/ids/169440/07501023100010.1.jpg?v=636862247729400000,"marca mexicana producto ""Fibra Scotch Brite Para Parrilla 92X146 - Scotch Brite"" producto supermercado México"
30,P0030,10223,Limpiador Cesco Multiusos 1 Lt - Cesco,Limpieza y Cuidado en el Hogar,CESCO,98.3,imagenes_reales\030_limpiador_cesco_multiusos_1_lt_cesco.jpg,descargado,https://surtitienda.vteximg.com.br/arquivos/ids/186054/07502238060809.1.jpg?v=637127215848870000,"Fabuloso Pinol Windex ""Limpiador Cesco Multiusos 1 Lt - Cesco"" producto supermercado México"
31,P0031,9762,Pañal Bbtips Talla 7 con 40 pzas Unisex,Limpieza y Cuidado en el Hogar,CHICOLASTIC,274.1,imagenes_reales\031_panal_bbtips_talla_7_con_40_pzas_unisex.jpg,descargado,https://surtitienda.vteximg.com.br/arquivos/ids/189464/13117022858_104730_1.jpg?v=637701797634870000,"marca mexicana producto ""Pañal Bbtips Talla 7 con 40 pzas Unisex"" producto supermercado México"
32,P0032,7184,Jabon Murano Con Pepino 150grs - Murano,Cuidado e Higiene Personal,Murano,12.6,imagenes_reales\032_jabon_murano_con_pepino_150grs_murano.jpg,descargado,https://surtitienda.vteximg.com.br/arquivos/ids/171052/07501026011412.1.jpg?v=636862255117030000,"marca mexicana producto ""Jabon Murano Con Pepino 150grs - Murano"" producto supermercado México"
33,P0033,6486,Servilleta Kleenex Class 200S - Kleenex,Limpieza y Cuidado en el Hogar,Kleenex,2161.6,imagenes_reales\033_servilleta_kleenex_class_200s_kleenex.jpg,descargado,https://surtitienda.vteximg.com.br/arquivos/ids/170673/07501017361144.1.jpg?v=636862253677770000,"marca mexicana producto ""Servilleta Kleenex Class 200S - Kleenex"" producto supermercado México"
34,P0034,5630,Trampa Dr. K Para Ratones Charola Con Pegamento Charo/Pegamento - Dr.K,Limpieza y Cuidado en el Hogar,Dr.K,471.3,imagenes_reales\034_trampa_dr_k_para_ratones_charola_con_pegamento_charo_pegamento_dr_k.jpg,descargado,https://surtitienda.vteximg.com.br/arquivos/ids/169721/07501063300067.1.jpg?v=636862248837000000,"marca mexicana producto ""Trampa Dr. K Para Ratones Charola Con Pegamento Charo/Pegamento - Dr.K"" producto supermercado México"
35,P0035,5628,Caza Facil Trampa Para Rata De Pegamento - Caza Facil,Limpieza y Cuidado en el Hogar,Caza Facil,640.3,imagenes_reales\035_caza_facil_trampa_para_rata_de_pegamento_caza_facil.jpg,descargado,https://surtitienda.vteximg.com.br/arquivos/ids/169715/07501063300036.1.jpg?v=636862248807230000,"marca mexicana producto ""Caza Facil Trampa Para Rata De Pegamento - Caza Facil"" producto supermercado México"
36,P0036,5626,Caza Facil Trampa Para Ratones Pegamento - Caza Facil,Limpieza y Cuidado en el Hogar,Caza Facil,701.6,imagenes_reales\036_caza_facil_trampa_para_ratones_pegamento_caza_facil.jpg,descargado,https://surtitienda.vteximg.com.br/arquivos/ids/169708/07501063300029.1.jpg?v=636862248777630000,"marca mexicana producto ""Caza Facil Trampa Para Ratones Pegamento - Caza Facil"" producto supermercado México"
37,P0037,6605,Blanqueador Clorhada Concentrada 3.8Lt - Clorhada,Limpieza y Cuidado en el Hogar,Clorhada,212.7,imagenes_reales\037_blanqueador_clorhada_concentrada_3_8lt_clorhada.jpg,descargado,https://surtitienda.vteximg.com.br/arquivos/ids/170729/07501681100766.1.jpg?v=636862253904970000,"marca mexicana producto ""Blanqueador Clorhada Concentrada 3.8Lt - Clorhada"" producto supermercado México"
38,P0038,6464,Servilleta Hortencia Supreme 400 Hojas - Hortencia,Limpieza y Cuidado en el Hogar,Hortencia,482.1,imagenes_reales\038_servilleta_hortencia_supreme_400_hojas_hortencia.jpg,descargado,https://surtitienda.vteximg.com.br/arquivos/ids/170644/07501050420174.1.jpg?v=636862253541500000,"marca mexicana producto ""Servilleta Hortencia Supreme 400 Hojas - Hortencia"" producto supermercado México"
39,P0039,9761,Diapro Ropa Interior Pants Grande - Diapro,Limpieza y Cuidado en el Hogar,Diapro,137.1,imagenes_reales\039_diapro_ropa_interior_pants_grande_diapro.jpg,descargado,https://surtitienda.vteximg.com.br/arquivos/ids/185904/07501943466562_A1R1.jpg?v=637127198740930000,"Bimbo Tía Rosa Milpa Real Mission ""Diapro Ropa Interior Pants Grande - Diapro"" producto supermercado México"
40,P0040,6630,Pastilla Bella Azul 2 Pz,Limpieza y Cuidado en el Hogar,Bella azul,605.5,imagenes_reales\040_pastilla_bella_azul_2_pz.jpg,descargado,https://surtitienda.vteximg.com.br/arquivos/ids/175586/07501021140629.1.jpg?v=637010474938470000,"marca mexicana producto ""Pastilla Bella Azul 2 Pz"" producto supermercado México"
41,P0041,5590,Insecticida H-24 Tablets Mats 1 Aparato Y 12 Tabletas - H24,Limpieza y Cuidado en el Hogar,H24,37.9,imagenes_reales\041_insecticida_h_24_tablets_mats_1_aparato_y_12_tabletas_h24.jpg,descargado,https://surtitienda.vteximg.com.br/arquivos/ids/169528/07501021115597.1.jpg?v=636862248052770000,"Raid Baygon ""Insecticida H-24 Tablets Mats 1 Aparato Y 12 Tabletas - H24"" producto supermercado México"
42,P0042,5574,Insecticida H-24 Tabletas Mats Repuesto 24 Noches - H24,Limpieza y Cuidado en el Hogar,H24,914.7,imagenes_reales\042_insecticida_h_24_tabletas_mats_repuesto_24_noches_h24.jpg,descargado,https://surtitienda.vteximg.com.br/arquivos/ids/169425/07501021110097.1.jpg?v=636862247681670000,"Raid Baygon ""Insecticida H-24 Tabletas Mats Repuesto 24 Noches - H24"" producto supermercado México"
43,P0043,5710,Detergente Salvo Liquido Limon 900Ml - Salvo,Limpieza y Cuidado en el Hogar,Salvo,58.8,imagenes_reales\043_detergente_salvo_liquido_limon_900ml_salvo.jpg,descargado,https://surtitienda.vteximg.com.br/arquivos/ids/169962/07506339343595.1.jpg?v=636862250133830000,"La Fina ""Detergente Salvo Liquido Limon 900Ml - Salvo"" producto supermercado México"
44,P0044,7204,Jabon Nordiko Original 130grs - Nordiko,Cuidado e Higiene Personal,Nordiko,1660.5,imagenes_reales\044_jabon_nordiko_original_130grs_nordiko.jpg,descargado,https://surtitienda.vteximg.com.br/arquivos/ids/171173/07509546032399.1.jpg?v=636862255568300000,"marca mexicana producto ""Jabon Nordiko Original 130grs - Nordiko"" producto supermercado México"
45,P0045,5699,Detergente Salvo Liquido Limon 300Ml - Salvo,Limpieza y Cuidado en el Hogar,Salvo,19.6,imagenes_reales\045_detergente_salvo_liquido_limon_300ml_salvo.jpg,descargado,https://surtitienda.vteximg.com.br/arquivos/ids/169908/07506195196984.1.jpg?v=636862249837630000,"La Fina ""Detergente Salvo Liquido Limon 300Ml - Salvo"" producto supermercado México"
46,P0046,7054,Toalla Saba Panty Reg C/Sabila 16 - Saba,Cuidado e Higiene Personal,Saba,315.8,imagenes_reales\046_toalla_saba_panty_reg_c_sabila_16_saba.jpg,descargado,https://surtitienda.vteximg.com.br/arquivos/ids/173046/07501019068416.1.jpg?v=636862262721900000,"Bimbo Tía Rosa Milpa Real Mission ""Toalla Saba Panty Reg C/Sabila 16 - Saba"" producto supermercado México"
47,P0047,6357,Papel Higiénico Perla 500 H 4 R - Perla,Limpieza y Cuidado en el Hogar,Perla,371.4,imagenes_reales\047_papel_higienico_perla_500_h_4_r_perla.jpg,descargado,https://surtitienda.vteximg.com.br/arquivos/ids/170160/07501136736199.1.jpg?v=636862251133930000,"Regio Pétalo Kleenex ""Papel Higiénico Perla 500 H 4 R - Perla"" producto supermercado México"
48,P0048,6361,Papel Higienico Adorable 400 Hojas 4 Rollos - Adorable,Limpieza y Cuidado en el Hogar,Adorable,467.7,imagenes_reales\048_papel_higienico_adorable_400_hojas_4_rollos_adorable.jpg,descargado,https://surtitienda.vteximg.com.br/arquivos/ids/170187/07501050410700.1.jpg?v=636862251259430000,"marca mexicana producto ""Papel Higienico Adorable 400 Hojas 4 Rollos - Adorable"" producto supermercado México"
49,P0049,9757,Pañal Kleen Bebe Absorsec Chico 40S - Kleen Bebe,Limpieza y Cuidado en el Hogar,Kleen Bebe,134.8,imagenes_reales\049_panal_kleen_bebe_absorsec_chico_40s_kleen_bebe.jpg,descargado,https://surtitienda.vteximg.com.br/arquivos/ids/178535/07501943433359.1.jpg?v=637062412184600000,"marca mexicana producto ""Pañal Kleen Bebe Absorsec Chico 40S - Kleen Bebe"" producto supermercado México"
50,P0050,6916,Aluminio Super Ideal Extra Grueso 500Gr,Limpieza y Cuidado en el Hogar,Super ideal,2189.8,imagenes_reales\050_aluminio_super_ideal_extra_grueso_500gr.jpg,descargado,https://surtitienda.vteximg.com.br/arquivos/ids/175604/07503006954207.1.jpg?v=637010475187930000,"marca mexicana producto ""Aluminio Super Ideal Extra Grueso 500Gr"" producto supermercado México"
51,P0051,7072,Toalla Always Pinkcess Nocturna C/A 8 Piezas - Always,Cuidado e Higiene Personal,Always,28.5,imagenes_reales\051_toalla_always_pinkcess_nocturna_c_a_8_piezas_always.jpg,descargado,https://surtitienda.vteximg.com.br/arquivos/ids/173177/07506195178188.1.jpg?v=636862263197400000,"marca mexicana producto ""Toalla Always Pinkcess Nocturna C/A 8 Piezas - Always"" producto supermercado México"
52,P0052,7232,Jabon Heno De Pravia Original 115grs - Heno De Pravia,Cuidado e Higiene Personal,Heno De Pravia,872.0,imagenes_reales\052_jabon_heno_de_pravia_original_115grs_heno_de_pravia.jpg,descargado,https://surtitienda.vteximg.com.br/arquivos/ids/171294/07501057595097.1.jpg?v=636862256028300000,"marca mexicana producto ""Jabon Heno De Pravia Original 115grs - Heno De Pravia"" producto supermercado México"
53,P0053,7076,Toalla Always Active Ultra Con Alas 10 Piezas - Always,Cuidado e Higiene Personal,Always,1083.6,imagenes_reales\053_toalla_always_active_ultra_con_alas_10_piezas_always.jpg,descargado,https://surtitienda.vteximg.com.br/arquivos/ids/173194/07506195179512.1.jpg?v=636862263260900000,"marca mexicana producto ""Toalla Always Active Ultra Con Alas 10 Piezas - Always"" producto supermercado México"
54,P0054,7070,Toalla Always Pinkcess C/A 10 Piezas - Always,Cuidado e Higiene Personal,Always,25.0,imagenes_reales\054_toalla_always_pinkcess_c_a_10_piezas_always.jpg,descargado,https://surtitienda.vteximg.com.br/arquivos/ids/173153/07506195178133.1.jpg?v=636862263113530000,"marca mexicana producto ""Toalla Always Pinkcess C/A 10 Piezas - Always"" producto supermercado México"
55,P0055,7003,Toalla Kotex Manzanilla Noc C/A 10 Pieza - Kotex,Cuidado e Higiene Personal,Kotex,163.6,imagenes_reales\055_toalla_kotex_manzanilla_noc_c_a_10_pieza_kotex.jpg,descargado,https://surtitienda.vteximg.com.br/arquivos/ids/172660/07501943421141.1.jpg?v=636862261249300000,"marca mexicana producto ""Toalla Kotex Manzanilla Noc C/A 10 Pieza - Kotex"" producto supermercado México"
56,P0056,6555,Blanqueador Cloralex Max Gel 600Ml - Cloralex,Limpieza y Cuidado en el Hogar,Cloralex,303.4,imagenes_reales\056_blanqueador_cloralex_max_gel_600ml_cloralex.jpg,descargado,https://surtitienda.vteximg.com.br/arquivos/ids/171143/07501025405090.1.jpg?v=636862255461730000,"marca mexicana producto ""Blanqueador Cloralex Max Gel 600Ml - Cloralex"" producto supermercado México"
57,P0057,6414,Papel Higienico Vogue 455 Hojas 1 Rollo - Vogue,Limpieza y Cuidado en el Hogar,Vogue,599.1,imagenes_reales\057_papel_higienico_vogue_455_hojas_1_rollo_vogue.jpg,descargado,https://surtitienda.vteximg.com.br/arquivos/ids/170399/07501017375622.1.jpg?v=636862252298600000,"marca mexicana producto ""Papel Higienico Vogue 455 Hojas 1 Rollo - Vogue"" producto supermercado México"
58,P0058,5680,Detergente Axion Líquido Limón 750Ml - Axion,Limpieza y Cuidado en el Hogar,Axion,38.8,imagenes_reales\058_detergente_axion_liquido_limon_750ml_axion.jpg,descargado,https://surtitienda.vteximg.com.br/arquivos/ids/189785/7509546051932.jpg?v=637919405794630000,"Ariel Ace Persil ""Detergente Axion Líquido Limón 750Ml - Axion"" producto supermercado México"
59,P0059,9756,Pañal Bbtips Talla 6 con 40 pzas Unisex,Limpieza y Cuidado en el Hogar,CHICOLASTIC,260.9,imagenes_reales\059_panal_bbtips_talla_6_con_40_pzas_unisex.jpg,descargado,https://surtitienda.vteximg.com.br/arquivos/ids/189462/13117019971_104534_1.jpg?v=637701755779200000,"marca mexicana producto ""Pañal Bbtips Talla 6 con 40 pzas Unisex"" producto supermercado México"
60,P0060,6559,Blanqueador Cloralex Mascotas 950Ml - Cloralex,Limpieza y Cuidado en el Hogar,Cloralex,463.8,imagenes_reales\060_blanqueador_cloralex_mascotas_950ml_cloralex.jpg,descargado,https://surtitienda.vteximg.com.br/arquivos/ids/171160/07501025411992.1.jpg?v=636862255521370000,"marca mexicana producto ""Blanqueador Cloralex Mascotas 950Ml - Cloralex"" producto supermercado México"
61,P0061,6561,Blanqueador Cloraluz Regular 900Ml - Cloraluz,Limpieza y Cuidado en el Hogar,Cloraluz,127.8,imagenes_reales\061_blanqueador_cloraluz_regular_900ml_cloraluz.jpg,descargado,https://surtitienda.vteximg.com.br/arquivos/ids/171174/07501025401252.1.jpg?v=636862255569400000,"marca mexicana producto ""Blanqueador Cloraluz Regular 900Ml - Cloraluz"" producto supermercado México"
62,P0062,6758,Limpiador Total Maderol 1 Litro,Limpieza y Cuidado en el Hogar,Total,46.3,imagenes_reales\062_limpiador_total_maderol_1_litro.jpg,descargado,https://surtitienda.vteximg.com.br/arquivos/ids/174437/07501021164564.1.jpg?v=637009047973830000,"Fabuloso Pinol Windex ""Limpiador Total Maderol 1 Litro"" producto supermercado México"
63,P0063,6837,Limpiador Total Desengrasante Repuesto 700Ml,Limpieza y Cuidado en el Hogar,Total,275.0,imagenes_reales\063_limpiador_total_desengrasante_repuesto_700ml.jpg,descargado,https://surtitienda.vteximg.com.br/arquivos/ids/175599/07501021162027.1.jpg?v=637010475141730000,"Fabuloso Pinol Windex ""Limpiador Total Desengrasante Repuesto 700Ml"" producto supermercado México"
64,P0064,5584,Insecticida H-24 Poder Fulminante Aerosol 429Ml - H24,Limpieza y Cuidado en el Hogar,H24,923.0,imagenes_reales\064_insecticida_h_24_poder_fulminante_aerosol_429ml_h24.jpg,descargado,https://surtitienda.vteximg.com.br/arquivos/ids/169497/07501021110325.1.jpg?v=636862247920600000,"Raid Baygon ""Insecticida H-24 Poder Fulminante Aerosol 429Ml - H24"" producto supermercado México"
65,P0065,5620,Veneno H-24 Rodenticida En Pellets 120grs - H24,Limpieza y Cuidado en el Hogar,H24,36.2,imagenes_reales\065_veneno_h_24_rodenticida_en_pellets_120grs_h24.jpg,descargado,https://surtitienda.vteximg.com.br/arquivos/ids/169700/07501021115054.1.jpg?v=636862248731970000,"marca mexicana producto ""Veneno H-24 Rodenticida En Pellets 120grs - H24"" producto supermercado México"
66,P0066,6866,Lustrador 3 En 1 Rojo 480Ml - 3 En 1,Limpieza y Cuidado en el Hogar,3 En 1,1177.8,imagenes_reales\066_lustrador_3_en_1_rojo_480ml_3_en_1.jpg,descargado,https://surtitienda.vteximg.com.br/arquivos/ids/172011/07501058753106.1.jpg?v=636862258886900000,"marca mexicana producto ""Lustrador 3 En 1 Rojo 480Ml - 3 En 1"" producto supermercado México"
67,P0067,6677,Limpiador Pinol 9Lt - Pinol,Limpieza y Cuidado en el Hogar,Pinol,254.6,imagenes_reales\067_limpiador_pinol_9lt_pinol.jpg,descargado,https://surtitienda.vteximg.com.br/arquivos/ids/171120/07501025403409.1.jpg?v=636862255385500000,"Fabuloso Pinol Windex ""Limpiador Pinol 9Lt - Pinol"" producto supermercado México"
68,P0068,6854,Limpiador Mr. Musculo Cocina Repuesto Económico 500Ml - Mr. Musculo,Limpieza y Cuidado en el Hogar,Mr. Musculo,274.1,imagenes_reales\068_limpiador_mr_musculo_cocina_repuesto_economico_500ml_mr_musculo.jpg,descargado,https://surtitienda.vteximg.com.br/arquivos/ids/171937/07501032903909.1.jpg?v=636862258634370000,"Fabuloso Pinol Windex ""Limpiador Mr. Musculo Cocina Repuesto Económico 500Ml - Mr. Musculo"" producto supermercado México"
69,P0069,6470,Servilleta La Rendidora Blanca 500 Servilletas,Limpieza y Cuidado en el Hogar,La Rendidora,430.7,imagenes_reales\069_servilleta_la_rendidora_blanca_500_servilletas.jpg,descargado,https://surtitienda.vteximg.com.br/arquivos/ids/173880/productosinimagen.jpg?v=636997640058800000,"Kleenex Regio Pétalo ""Servilleta La Rendidora Blanca 500 Servilletas"" producto supermercado México"
70,P0070,6420,Papel Higienico Sc Ins 200Mts 2 R - Seleccion De La Casa,Limpieza y Cuidado en el Hogar,Seleccion De La Casa,489.8,imagenes_reales\070_papel_higienico_sc_ins_200mts_2_r_seleccion_de_la_casa.jpg,descargado,https://surtitienda.vteximg.com.br/arquivos/ids/170430/02930010741427.1.jpg?v=636862252449330000,"marca mexicana producto ""Papel Higienico Sc Ins 200Mts 2 R - Seleccion De La Casa"" producto supermercado México"
71,P0071,6607,Blanqueador Seleccion De La Casa 960Ml - Seleccion De La Casa,Limpieza y Cuidado en el Hogar,Seleccion De La Casa,131.9,imagenes_reales\071_blanqueador_seleccion_de_la_casa_960ml_seleccion_de_la_casa.jpg,descargado,https://surtitienda.vteximg.com.br/arquivos/ids/170745/07501032002510.1.jpg?v=636862253965700000,"marca mexicana producto ""Blanqueador Seleccion De La Casa 960Ml - Seleccion De La Casa"" producto supermercado México"
72,P0072,6910,Aluminio Ahorramas 400grs - Ahorramas,Limpieza y Cuidado en el Hogar,Ahorramas,1773.5,imagenes_reales\072_aluminio_ahorramas_400grs_ahorramas.jpg,descargado,https://surtitienda.vteximg.com.br/arquivos/ids/172126/07503006954061.1.jpg?v=636862259309400000,"marca mexicana producto ""Aluminio Ahorramas 400grs - Ahorramas"" producto supermercado México"
73,P0073,7304,Jabon Pacsa De Calabaza 125grs - Pacsa,Cuidado e Higiene Personal,Pacsa,352.9,imagenes_reales\073_jabon_pacsa_de_calabaza_125grs_pacsa.jpg,descargado,https://surtitienda.vteximg.com.br/arquivos/ids/171566/00706347002706.1.jpg?v=636862257208570000,"marca mexicana producto ""Jabon Pacsa De Calabaza 125grs - Pacsa"" producto supermercado México"
74,P0074,6802,Limpiador Harpic Power Plus Liquido 750Ml - Harpic,Limpieza y Cuidado en el Hogar,Harpic,640.2,imagenes_reales\074_limpiador_harpic_power_plus_liquido_750ml_harpic.jpg,descargado,https://surtitienda.vteximg.com.br/arquivos/ids/171704/07501058751119.1.jpg?v=636862257684500000,"Fabuloso Pinol Windex ""Limpiador Harpic Power Plus Liquido 750Ml - Harpic"" producto supermercado México"
75,P0075,6786,Limpiador Seleccion De La Casa Pino 1Lt - Seleccion De La Casa,Limpieza y Cuidado en el Hogar,Seleccion De La Casa,233.5,imagenes_reales\075_limpiador_seleccion_de_la_casa_pino_1lt_seleccion_de_la_casa.jpg,descargado,https://surtitienda.vteximg.com.br/arquivos/ids/171589/07501032000479.1.jpg?v=636862257295230000,"Fabuloso Pinol Windex ""Limpiador Seleccion De La Casa Pino 1Lt - Seleccion De La Casa"" producto supermercado México"
76,P0076,9749,Pañal Diapro Basico Mediano 10Pzas - Diapro,Limpieza y Cuidado en el Hogar,Diapro,91.2,imagenes_reales\076_panal_diapro_basico_mediano_10pzas_diapro.jpg,descargado,https://surtitienda.vteximg.com.br/arquivos/ids/178496/07501943474994.1.jpg?v=637062411807570000,"marca mexicana producto ""Pañal Diapro Basico Mediano 10Pzas - Diapro"" producto supermercado México"
77,P0077,6920,Aluminio Seleccion De La Casa #10 Za - Seleccion De La Casa,Limpieza y Cuidado en el Hogar,Seleccion De La Casa,462.5,imagenes_reales\077_aluminio_seleccion_de_la_casa_10_za_seleccion_de_la_casa.jpg,descargado,https://surtitienda.vteximg.com.br/arquivos/ids/172182/07501032017538.1.jpg?v=636862259507470000,"marca mexicana producto ""Aluminio Seleccion De La Casa #10 Za - Seleccion De La Casa"" producto supermercado México"
78,P0078,6918,Aluminio Seleccion De La Casa #7 Pieza - Seleccion De La Casa,Limpieza y Cuidado en el Hogar,Seleccion De La Casa,16.6,imagenes_reales\078_aluminio_seleccion_de_la_casa_7_pieza_seleccion_de_la_casa.jpg,descargado,https://surtitienda.vteximg.com.br/arquivos/ids/172168/07501032017514.1.jpg?v=636862259453500000,"marca mexicana producto ""Aluminio Seleccion De La Casa #7 Pieza - Seleccion De La Casa"" producto supermercado México"
79,P0079,9748,Pañal Kleen Bebe Absorsec Jumbo 14Pzas - Kleen Bebe,Limpieza y Cuidado en el Hogar,Kleen Bebe,58.3,imagenes_reales\079_panal_kleen_bebe_absorsec_jumbo_14pzas_kleen_bebe.jpg,descargado,https://surtitienda.vteximg.com.br/arquivos/ids/178492/07501943441408.1.jpg?v=637062411786770000,"marca mexicana producto ""Pañal Kleen Bebe Absorsec Jumbo 14Pzas - Kleen Bebe"" producto supermercado México"
80,P0080,5612,Insecticida Raid Max 400Ml - Raid,Limpieza y Cuidado en el Hogar,Raid,1071.6,imagenes_reales\080_insecticida_raid_max_400ml_raid.jpg,descargado,https://surtitienda.vteximg.com.br/arquivos/ids/169668/07501032903596.1.jpg?v=636862248577600000,"Raid Baygon ""Insecticida Raid Max 400Ml - Raid"" producto supermercado México"
81,P0081,6806,Limpiador Pato Liquido Azul Fresco 500Ml - Pato Purific,Limpieza y Cuidado en el Hogar,Pato Purific,508.2,imagenes_reales\081_limpiador_pato_liquido_azul_fresco_500ml_pato_purific.jpg,descargado,https://surtitienda.vteximg.com.br/arquivos/ids/171743/07501032902735.1.jpg?v=636862257834530000,"Fabuloso Pinol Windex ""Limpiador Pato Liquido Azul Fresco 500Ml - Pato Purific"" producto supermercado México"
82,P0082,6363,Papel Higienico Big Quality 650 Hojas 1 Pieza - Big Quality,Limpieza y Cuidado en el Hogar,Big Quality,395.0,imagenes_reales\082_papel_higienico_big_quality_650_hojas_1_pieza_big_quality.jpg,descargado,https://surtitienda.vteximg.com.br/arquivos/ids/170197/07501050410557.1.jpg?v=636862251307130000,"marca mexicana producto ""Papel Higienico Big Quality 650 Hojas 1 Pieza - Big Quality"" producto supermercado México"
83,P0083,9747,Pañal Diapro Gel 10Pzas - Diapro,Limpieza y Cuidado en el Hogar,Diapro,84.2,imagenes_reales\083_panal_diapro_gel_10pzas_diapro.jpg,descargado,https://surtitienda.vteximg.com.br/arquivos/ids/187786/07501943474895.3.jpg?v=637420328645000000,"marca mexicana producto ""Pañal Diapro Gel 10Pzas - Diapro"" producto supermercado México"
84,P0084,9745,Pañal Tena Slip Grande 10Pzas - Tena,Limpieza y Cuidado en el Hogar,Centenario Azul,162.9,imagenes_reales\084_panal_tena_slip_grande_10pzas_tena.jpg,descargado,https://surtitienda.vteximg.com.br/arquivos/ids/178481/07501019051043.1.jpg?v=637062411693730000,"marca mexicana producto ""Pañal Tena Slip Grande 10Pzas - Tena"" producto supermercado México"
85,P0085,5588,Insecticida H-24 Citronox 309grs - H24,Limpieza y Cuidado en el Hogar,H24,699.4,imagenes_reales\085_insecticida_h_24_citronox_309grs_h24.jpg,descargado,https://surtitienda.vteximg.com.br/arquivos/ids/169517/07501021110417.1.jpg?v=636862247997570000,"Raid Baygon ""Insecticida H-24 Citronox 309grs - H24"" producto supermercado México"
86,P0086,6567,Blanqueador La Golondrina 3750Ml - La Golondrina,Limpieza y Cuidado en el Hogar,La Golondrina,224.4,imagenes_reales\086_blanqueador_la_golondrina_3750ml_la_golondrina.jpg,descargado,https://surtitienda.vteximg.com.br/arquivos/ids/171211/07501016801245.1.jpg?v=636862255712800000,"marca mexicana producto ""Blanqueador La Golondrina 3750Ml - La Golondrina"" producto supermercado México"
87,P0087,7005,Toalla Kotex Manzlla Anato S/Alas 10P - Kotex,Cuidado e Higiene Personal,Kotex,169.5,imagenes_reales\087_toalla_kotex_manzlla_anato_s_alas_10p_kotex.jpg,descargado,https://surtitienda.vteximg.com.br/arquivos/ids/172677/07501943424609.1.jpg?v=636862261317770000,"marca mexicana producto ""Toalla Kotex Manzlla Anato S/Alas 10P - Kotex"" producto supermercado México"
88,P0088,7250,Jabon Lirio De Tocador 20grs - Lirio,Cuidado e Higiene Personal,Lirio,661.2,imagenes_reales\088_jabon_lirio_de_tocador_20grs_lirio.jpg,descargado,https://surtitienda.vteximg.com.br/arquivos/ids/171366/00012388001234.1.jpg?v=636862256324000000,"marca mexicana producto ""Jabon Lirio De Tocador 20grs - Lirio"" producto supermercado México"
89,P0089,6427,Papel Higienico Regio Rinde Mas 455 Hojas 4 Rollos,Limpieza y Cuidado en el Hogar,Regio,37.7,imagenes_reales\089_papel_higienico_regio_rinde_mas_455_hojas_4_rollos.jpg,descargado,https://surtitienda.vteximg.com.br/arquivos/ids/174330/07501036619233.1.jpg?v=637009046861100000,"marca mexicana producto ""Papel Higienico Regio Rinde Mas 455 Hojas 4 Rollos"" producto supermercado México"
90,P0090,6619,Pastilla Blue Wash Espuma Limpiadora 3 Piezas - Blue Wash,Limpieza y Cuidado en el Hogar,Blue Wash,878.5,imagenes_reales\090_pastilla_blue_wash_espuma_limpiadora_3_piezas_blue_wash.jpg,descargado,https://surtitienda.vteximg.com.br/arquivos/ids/170808/07501076705200.1.jpg?v=636862254176500000,"Fabuloso Pinol Windex ""Pastilla Blue Wash Espuma Limpiadora 3 Piezas - Blue Wash"" producto supermercado México"
91,P0091,6716,Limpiador Fabuloso Lavanda 5Lt - Fabuloso,Limpieza y Cuidado en el Hogar,Fabuloso,382.7,imagenes_reales\091_limpiador_fabuloso_lavanda_5lt_fabuloso.jpg,descargado,https://surtitienda.vteximg.com.br/arquivos/ids/171314/07501035905382.1.jpg?v=636862256101870000,"Fabuloso Pinol Windex ""Limpiador Fabuloso Lavanda 5Lt - Fabuloso"" producto supermercado México"
92,P0092,9744,Pañal Kikolastic Jumbo Velcro 40 pzs,Limpieza y Cuidado en el Hogar,KIKOLASTIC,137.8,imagenes_reales\092_panal_kikolastic_jumbo_velcro_40_pzs.jpg,descargado,https://surtitienda.vteximg.com.br/arquivos/ids/189539/104386.jpg?v=637713827065300000,"marca mexicana producto ""Pañal Kikolastic Jumbo Velcro 40 pzs"" producto supermercado México"
93,P0093,9743,Pañal Kikolastic Grande Velcro 40 pzs,Limpieza y Cuidado en el Hogar,KIKOLASTIC,121.0,imagenes_reales\093_panal_kikolastic_grande_velcro_40_pzs.jpg,descargado,https://surtitienda.vteximg.com.br/arquivos/ids/189538/104384.jpg?v=637713826196830000,"marca mexicana producto ""Pañal Kikolastic Grande Velcro 40 pzs"" producto supermercado México"
94,P0094,9742,Pañal Kikolastic Mediano Velcro 40 pzs,Limpieza y Cuidado en el Hogar,KIKOLASTIC,109.9,imagenes_reales\094_panal_kikolastic_mediano_velcro_40_pzs.jpg,descargado,https://surtitienda.vteximg.com.br/arquivos/ids/189537/104382.jpg?v=637713824444100000,"marca mexicana producto ""Pañal Kikolastic Mediano Velcro 40 pzs"" producto supermercado México"
95,P0095,7196,Jabon Rosa Venus Blanco 25 grs - Rosa Venus,Cuidado e Higiene Personal,ROSA VENUS,482.0,imagenes_reales\095_jabon_rosa_venus_blanco_25_grs_rosa_venus.jpg,descargado,https://surtitienda.vteximg.com.br/arquivos/ids/171125/07501026006807.1.jpg?v=636862255403670000,"marca mexicana producto ""Jabon Rosa Venus Blanco 25 grs - Rosa Venus"" producto supermercado México"
96,P0096,6794,Limpiador Acido Sultana Limon 900Ml - Sultana,Limpieza y Cuidado en el Hogar,Sultana,371.0,imagenes_reales\096_limpiador_acido_sultana_limon_900ml_sultana.jpg,descargado,https://surtitienda.vteximg.com.br/arquivos/ids/171652/07501025422134.1.jpg?v=636862257507300000,"Fabuloso Pinol Windex ""Limpiador Acido Sultana Limon 900Ml - Sultana"" producto supermercado México"
97,P0097,6593,Blanqueador Bandera Concentrado 2Lt - Bandera,Limpieza y Cuidado en el Hogar,Bandera,20.6,imagenes_reales\097_blanqueador_bandera_concentrado_2lt_bandera.jpg,descargado,https://surtitienda.vteximg.com.br/arquivos/ids/170666/07501681100162.1.jpg?v=636862253649300000,"marca mexicana producto ""Blanqueador Bandera Concentrado 2Lt - Bandera"" producto supermercado México"
98,P0098,6617,Pastilla Blue Wash Bolsa 45grs - Blue Wash,Limpieza y Cuidado en el Hogar,Blue Wash,615.8,imagenes_reales\098_pastilla_blue_wash_bolsa_45grs_blue_wash.jpg,descargado,https://surtitienda.vteximg.com.br/arquivos/ids/170799/07501076705095.1.jpg?v=636862254144730000,"marca mexicana producto ""Pastilla Blue Wash Bolsa 45grs - Blue Wash"" producto supermercado México"
99,P0099,6912,Aluminio Ahorramas 2Kg - Ahorramas,Limpieza y Cuidado en el Hogar,Ahorramas,1785.1,imagenes_reales\099_aluminio_ahorramas_2kg_ahorramas.jpg,descargado,https://surtitienda.vteximg.com.br/arquivos/ids/172144/07503006954061.1.jpg?v=636862259368070000,"marca mexicana producto ""Aluminio Ahorramas 2Kg - Ahorramas"" producto supermercado México"
100,P0100,9741,Pañal Bbtips Talla 5 con 40 pzas Unisex,Limpieza y Cuidado en el Hogar,CHICOLASTIC,236.0,imagenes_reales\100_panal_bbtips_talla_5_con_40_pzas_unisex.jpg,descargado,https://surtitienda.vteximg.com.br/arquivos/ids/189460/13117000719_104361_1.jpg?v=637701753985370000,"marca mexicana producto ""Pañal Bbtips Talla 5 con 40 pzas Unisex"" producto supermercado México"
101,P0101,9740,Pañal Bbtips Talla 4 con 40 pzas Unisex,Limpieza y Cuidado en el Hogar,CHICOLASTIC,205.0,imagenes_reales\101_panal_bbtips_talla_4_con_40_pzas_unisex.jpg,descargado,https://surtitienda.vteximg.com.br/arquivos/ids/189458/13117000702_104360_1.jpg?v=637701750883770000,"marca mexicana producto ""Pañal Bbtips Talla 4 con 40 pzas Unisex"" producto supermercado México"
102,P0102,9739,Pañal Bbtips Talla 3 con 40 pzas Unisex,Limpieza y Cuidado en el Hogar,CHICOLASTIC,179.1,imagenes_reales\102_panal_bbtips_talla_3_con_40_pzas_unisex.jpg,descargado,https://surtitienda.vteximg.com.br/arquivos/ids/189456/13117000696_104359_1.jpg?v=637701749797570000,"marca mexicana producto ""Pañal Bbtips Talla 3 con 40 pzas Unisex"" producto supermercado México"
103,P0103,9738,Pañal Bbtips Talla 2 con 40 pzas Unisex,Limpieza y Cuidado en el Hogar,CHICOLASTIC,161.5,imagenes_reales\103_panal_bbtips_talla_2_con_40_pzas_unisex.jpg,descargado,https://surtitienda.vteximg.com.br/arquivos/ids/189454/13117000689_104358_1.jpg?v=637701748178300000,"marca mexicana producto ""Pañal Bbtips Talla 2 con 40 pzas Unisex"" producto supermercado México"
104,P0104,9737,Pañal Bbtips Talla 1 con 40 pzas Unisex,Limpieza y Cuidado en el Hogar,CHICOLASTIC,151.0,imagenes_reales\104_panal_bbtips_talla_1_con_40_pzas_unisex.jpg,descargado,https://surtitienda.vteximg.com.br/arquivos/ids/189452/13117019926_104357_1.jpg?v=637701745937870000,"marca mexicana producto ""Pañal Bbtips Talla 1 con 40 pzas Unisex"" producto supermercado México"
105,P0105,5614,Insecticida Raid Accion Total 400Ml - Raid,Limpieza y Cuidado en el Hogar,Raid,88.8,imagenes_reales\105_insecticida_raid_accion_total_400ml_raid.jpg,descargado,https://surtitienda.vteximg.com.br/arquivos/ids/169677/07501032925154.1.jpg?v=636862248625770000,"Raid Baygon ""Insecticida Raid Accion Total 400Ml - Raid"" producto supermercado México"
106,P0106,6579,Blanqueador Clorox Regular 3.8Lt - Clorox,Limpieza y Cuidado en el Hogar,Clorox,282.4,imagenes_reales\106_blanqueador_clorox_regular_3_8lt_clorox.jpg,descargado,https://surtitienda.vteximg.com.br/arquivos/ids/171275/07501071900143.1.jpg?v=636862255951470000,"Cloralex ""Blanqueador Clorox Regular 3.8Lt - Clorox"" producto supermercado México"
107,P0107,5624,Trampa Ratafin Chica 2 Piezas,Limpieza y Cuidado en el Hogar,Ratafin,627.5,imagenes_reales\107_trampa_ratafin_chica_2_piezas.jpg,descargado,https://surtitienda.vteximg.com.br/arquivos/ids/175561/07501021125084.1.jpg?v=637010474428100000,"marca mexicana producto ""Trampa Ratafin Chica 2 Piezas"" producto supermercado México"
108,P0108,6581,Blanqueador Clorox Regular 5.8Lt - Clorox,Limpieza y Cuidado en el Hogar,Clorox,206.8,imagenes_reales\108_blanqueador_clorox_regular_5_8lt_clorox.jpg,descargado,https://surtitienda.vteximg.com.br/arquivos/ids/171289/07501071902956.1.jpg?v=636862256007970000,"Cloralex ""Blanqueador Clorox Regular 5.8Lt - Clorox"" producto supermercado México"
109,P0109,7200,Jabon Tersso Neutro 200grs - Tersso,Cuidado e Higiene Personal,Tersso,453.6,imagenes_reales\109_jabon_tersso_neutro_200grs_tersso.jpg,descargado,https://surtitienda.vteximg.com.br/arquivos/ids/171147/07501026007101.1.jpg?v=636862255475600000,"marca mexicana producto ""Jabon Tersso Neutro 200grs - Tersso"" producto supermercado México"
110,P0110,5600,Insecticida Baygon Casa Y Jardin 400Ml - Baygon,Limpieza y Cuidado en el Hogar,Baygon,798.1,imagenes_reales\110_insecticida_baygon_casa_y_jardin_400ml_baygon.jpg,descargado,https://surtitienda.vteximg.com.br/arquivos/ids/169588/07501032907570.1.jpg?v=636862248270630000,"Raid Baygon ""Insecticida Baygon Casa Y Jardin 400Ml - Baygon"" producto supermercado México"
111,P0111,11329,Jabon Dove Hidrataciòn Fresca 135 Gr - Dove,Cuidado e Higiene Personal,Dove,40.5,imagenes_reales\111_jabon_dove_hidrataci_n_fresca_135_gr_dove.jpg,descargado,https://surtitienda.vteximg.com.br/arquivos/ids/181453/07501056371821.1.jpg?v=637062483206600000,"marca mexicana producto ""Jabon Dove Hidrataciòn Fresca 135 Gr - Dove"" producto supermercado México"
112,P0112,6405,Papel Higienico Petalo Ridemax 350 Hojas 12 Rollos - Petalo,Limpieza y Cuidado en el Hogar,Petalo,99.0,imagenes_reales\112_papel_higienico_petalo_ridemax_350_hojas_12_rollos_petalo.jpg,descargado,https://surtitienda.vteximg.com.br/arquivos/ids/170361/07501943458451.1.jpg?v=636862252115230000,"marca mexicana producto ""Papel Higienico Petalo Ridemax 350 Hojas 12 Rollos - Petalo"" producto supermercado México"
113,P0113,9735,Pañal Chicolastic Talla 5 con 40 pzas Unisex,Limpieza y Cuidado en el Hogar,CHICOLASTIC,164.6,imagenes_reales\113_panal_chicolastic_talla_5_con_40_pzas_unisex.jpg,descargado,https://surtitienda.vteximg.com.br/arquivos/ids/189450/13117011753_104308_1.jpg?v=637701744829300000,"marca mexicana producto ""Pañal Chicolastic Talla 5 con 40 pzas Unisex"" producto supermercado México"
114,P0114,9734,Pañal Chicolastic Talla 4 con 40 pzas Unisex,Limpieza y Cuidado en el Hogar,CHICOLASTIC,143.2,imagenes_reales\114_panal_chicolastic_talla_4_con_40_pzas_unisex.jpg,descargado,https://surtitienda.vteximg.com.br/arquivos/ids/189448/13117011180_104307_1.jpg?v=637701740553670000,"marca mexicana producto ""Pañal Chicolastic Talla 4 con 40 pzas Unisex"" producto supermercado México"
115,P0115,9733,Pañal Chicolastic Talla 3 con 40 pzas Unisex,Limpieza y Cuidado en el Hogar,CHICOLASTIC,133.8,imagenes_reales\115_panal_chicolastic_talla_3_con_40_pzas_unisex.jpg,descargado,https://surtitienda.vteximg.com.br/arquivos/ids/189446/13117011173_104306_1.jpg?v=637701739536600000,"marca mexicana producto ""Pañal Chicolastic Talla 3 con 40 pzas Unisex"" producto supermercado México"
116,P0116,7248,Jabon Lirio Neutro 200grs - Lirio,Cuidado e Higiene Personal,Lirio,1117.7,imagenes_reales\116_jabon_lirio_neutro_200grs_lirio.jpg,descargado,https://surtitienda.vteximg.com.br/arquivos/ids/171358/00012388000978.1.jpg?v=636862256281670000,"marca mexicana producto ""Jabon Lirio Neutro 200grs - Lirio"" producto supermercado México"
117,P0117,7026,Toalla Femenina Fiore Ultra Delgada con 10 pzas,Cuidado e Higiene Personal,Fiore,145.0,imagenes_reales\117_toalla_femenina_fiore_ultra_delgada_con_10_pzas.jpg,descargado,https://surtitienda.vteximg.com.br/arquivos/ids/172807/00013117017847.1.jpg?v=636862261794730000,"marca mexicana producto ""Toalla Femenina Fiore Ultra Delgada con 10 pzas"" producto supermercado México"
118,P0118,7056,Toalla Always Active Nocturna Con Alas 8 Piezas - Always,Cuidado e Higiene Personal,Always,316.9,imagenes_reales\118_toalla_always_active_nocturna_con_alas_8_piezas_always.jpg,descargado,https://surtitienda.vteximg.com.br/arquivos/ids/173062/00056100024798.1.jpg?v=636862262784030000,"marca mexicana producto ""Toalla Always Active Nocturna Con Alas 8 Piezas - Always"" producto supermercado México"
119,P0119,6906,Aluminio Ahorramas 7Mts X 30Cms Pieza - Ahorramas,Limpieza y Cuidado en el Hogar,Ahorramas,344.1,imagenes_reales\119_aluminio_ahorramas_7mts_x_30cms_pieza_ahorramas.jpg,descargado,https://surtitienda.vteximg.com.br/arquivos/ids/172111/07503006954023.1.jpg?v=636862259257130000,"marca mexicana producto ""Aluminio Ahorramas 7Mts X 30Cms Pieza - Ahorramas"" producto supermercado México"
120,P0120,6904,Aluminio Ahorramas 5Mts X 30Cm,Limpieza y Cuidado en el Hogar,Ahorramas,283.6,imagenes_reales\120_aluminio_ahorramas_5mts_x_30cm.jpg,descargado,https://surtitienda.vteximg.com.br/arquivos/ids/175602/07503006954016.1.jpg?v=637010475170470000,"marca mexicana producto ""Aluminio Ahorramas 5Mts X 30Cm"" producto supermercado México"
121,P0121,6908,Aluminio Ahorramas 10Mts X 30 Cm,Limpieza y Cuidado en el Hogar,Ahorramas,460.1,imagenes_reales\121_aluminio_ahorramas_10mts_x_30_cm.jpg,descargado,https://surtitienda.vteximg.com.br/arquivos/ids/175603/07503006954047.1.jpg?v=637010475178300000,"marca mexicana producto ""Aluminio Ahorramas 10Mts X 30 Cm"" producto supermercado México"
122,P0122,6974,Cera Pacsa Liquida Negrsa 60Ml - Pacsa,Cuidado e Higiene Personal,Pacsa,14.2,imagenes_reales\122_cera_pacsa_liquida_negrsa_60ml_pacsa.jpg,descargado,https://surtitienda.vteximg.com.br/arquivos/ids/172472/00706347002812.1.jpg?v=636862260555530000,"marca mexicana producto ""Cera Pacsa Liquida Negrsa 60Ml - Pacsa"" producto supermercado México"
123,P0123,6410,Papel Higienico Suavel Jumbo 400 Hojas 4 Rollos - Suavel,Limpieza y Cuidado en el Hogar,Suavel,620.5,imagenes_reales\123_papel_higienico_suavel_jumbo_400_hojas_4_rollos_suavel.jpg,descargado,https://surtitienda.vteximg.com.br/arquivos/ids/170378/07501943457911.1.jpg?v=636862252195970000,"marca mexicana producto ""Papel Higienico Suavel Jumbo 400 Hojas 4 Rollos - Suavel"" producto supermercado México"
124,P0124,5598,Insecticida Baygon Poder Mortal 400Ml - Baygon,Limpieza y Cuidado en el Hogar,Baygon,819.2,imagenes_reales\124_insecticida_baygon_poder_mortal_400ml_baygon.jpg,descargado,https://surtitienda.vteximg.com.br/arquivos/ids/169577/07501032907495.1.jpg?v=636862248232970000,"Raid Baygon ""Insecticida Baygon Poder Mortal 400Ml - Baygon"" producto supermercado México"
125,P0125,7050,Toalla Saba Confort C/Manzlla C/Alas 10 - Saba,Cuidado e Higiene Personal,Saba,204.3,imagenes_reales\125_toalla_saba_confort_c_manzlla_c_alas_10_saba.jpg,descargado,https://surtitienda.vteximg.com.br/arquivos/ids/173009/07501019030352.1.jpg?v=636862262573730000,"marca mexicana producto ""Toalla Saba Confort C/Manzlla C/Alas 10 - Saba"" producto supermercado México"
126,P0126,7048,Toalla Saba Confort C/Mazlla S/Alas 10P - Saba,Cuidado e Higiene Personal,Saba,163.4,imagenes_reales\126_toalla_saba_confort_c_mazlla_s_alas_10p_saba.jpg,descargado,https://surtitienda.vteximg.com.br/arquivos/ids/172993/07501019030345.1.jpg?v=636862262512770000,"marca mexicana producto ""Toalla Saba Confort C/Mazlla S/Alas 10P - Saba"" producto supermercado México"
127,P0127,6648,Pastilla Pato Econopack 2P 40grs - Pato Purific,Limpieza y Cuidado en el Hogar,Pato Purific,420.3,imagenes_reales\127_pastilla_pato_econopack_2p_40grs_pato_purific.jpg,descargado,https://surtitienda.vteximg.com.br/arquivos/ids/170937/07501032935818.1.jpg?v=636862254705070000,"marca mexicana producto ""Pastilla Pato Econopack 2P 40grs - Pato Purific"" producto supermercado México"
128,P0128,7102,Panty Protect Naturella 40 Piezas - Naturella,Cuidado e Higiene Personal,Naturella,711.9,imagenes_reales\128_panty_protect_naturella_40_piezas_naturella.jpg,descargado,https://surtitienda.vteximg.com.br/arquivos/ids/173297/07590002046234.1.jpg?v=636862263665900000,"Bimbo Tía Rosa Milpa Real Mission ""Panty Protect Naturella 40 Piezas - Naturella"" producto supermercado México"
129,P0129,6041,Detergente Blanca Nieves Liquido 1Lt - Blanca Nieves,Limpieza y Cuidado en el Hogar,Blanca Nieves,365.2,imagenes_reales\129_detergente_blanca_nieves_liquido_1lt_blanca_nieves.jpg,descargado,https://surtitienda.vteximg.com.br/arquivos/ids/168871/07501026028045.1.jpg?v=636862245824670000,"Ariel Ace Persil ""Detergente Blanca Nieves Liquido 1Lt - Blanca Nieves"" producto supermercado México"
130,P0130,6368,Papel Higienico Hortencia Verde 400 Hojas 4 Rollos - Hortencia,Limpieza y Cuidado en el Hogar,Hortencia,27.3,imagenes_reales\130_papel_higienico_hortencia_verde_400_hojas_4_rollos_hortencia.jpg,descargado,https://surtitienda.vteximg.com.br/arquivos/ids/170216/07501050410311.1.jpg?v=636862251410970000,"marca mexicana producto ""Papel Higienico Hortencia Verde 400 Hojas 4 Rollos - Hortencia"" producto supermercado México"
131,P0131,9727,Pañal Huggies Ultra Confort Et 2 40 Pz - Huggies,Limpieza y Cuidado en el Hogar,Huggies,233.5,imagenes_reales\131_panal_huggies_ultra_confort_et_2_40_pz_huggies.jpg,descargado,https://surtitienda.vteximg.com.br/arquivos/ids/178398/07501943433090.1.jpg?v=637062410457400000,"marca mexicana producto ""Pañal Huggies Ultra Confort Et 2 40 Pz - Huggies"" producto supermercado México"
132,P0132,9726,Pañal Para Adulto Affective Protect Talla Mediana con 10 pzas,Limpieza y Cuidado en el Hogar,AFFECTIVE,94.7,imagenes_reales\132_panal_para_adulto_affective_protect_talla_mediana_con_10_pzas.jpg,descargado,https://surtitienda.vteximg.com.br/arquivos/ids/189438/13117016260_104257_1.jpg?v=637701734479930000,"marca mexicana producto ""Pañal Para Adulto Affective Protect Talla Mediana con 10 pzas"" producto supermercado México"
133,P0133,7009,Panty Protector Kotex Largo 44 Piezas - Kotex,Cuidado e Higiene Personal,Kotex,971.5,imagenes_reales\133_panty_protector_kotex_largo_44_piezas_kotex.jpg,descargado,https://surtitienda.vteximg.com.br/arquivos/ids/172695/07501943431089.1.jpg?v=636862261388870000,"Bimbo Tía Rosa Milpa Real Mission ""Panty Protector Kotex Largo 44 Piezas - Kotex"" producto supermercado México"
134,P0134,7014,Panty Protecto Kotex Regular 44 Piezas - Kotex,Cuidado e Higiene Personal,Kotex,931.6,imagenes_reales\134_panty_protecto_kotex_regular_44_piezas_kotex.jpg,descargado,https://surtitienda.vteximg.com.br/arquivos/ids/172724/07501943431140.1.jpg?v=636862261484630000,"Bimbo Tía Rosa Milpa Real Mission ""Panty Protecto Kotex Regular 44 Piezas - Kotex"" producto supermercado México"
135,P0135,11327,Toalla Naturella Flujo Moderado S/A 10P - Naturella,Cuidado e Higiene Personal,Naturella,21.9,imagenes_reales\135_toalla_naturella_flujo_moderado_s_a_10p_naturella.jpg,descargado,https://surtitienda.vteximg.com.br/arquivos/ids/184694/07501001158439.1.jpg?v=637124605271770000,"marca mexicana producto ""Toalla Naturella Flujo Moderado S/A 10P - Naturella"" producto supermercado México"
136,P0136,7012,Panty Protector Kotex Control 44 Piezas - Kotex,Cuidado e Higiene Personal,Kotex,40.5,imagenes_reales\136_panty_protector_kotex_control_44_piezas_kotex.jpg,descargado,https://surtitienda.vteximg.com.br/arquivos/ids/172711/07501943431102.1.jpg?v=636862261436600000,"Bimbo Tía Rosa Milpa Real Mission ""Panty Protector Kotex Control 44 Piezas - Kotex"" producto supermercado México"
137,P0137,7001,Toalla Kotex Manzlla Noct C/Alas 14P - Kotex,Cuidado e Higiene Personal,Kotex,687.1,imagenes_reales\137_toalla_kotex_manzlla_noct_c_alas_14p_kotex.jpg,descargado,https://surtitienda.vteximg.com.br/arquivos/ids/172641/07501943420533.1.jpg?v=636862261177500000,"marca mexicana producto ""Toalla Kotex Manzlla Noct C/Alas 14P - Kotex"" producto supermercado México"
138,P0138,7058,Panty Protector Always Duo Largo 16 Piezas - Always,Cuidado e Higiene Personal,Always,631.0,imagenes_reales\138_panty_protector_always_duo_largo_16_piezas_always.jpg,descargado,https://surtitienda.vteximg.com.br/arquivos/ids/173081/00056100663546.1.jpg?v=636862262854800000,"Bimbo Tía Rosa Milpa Real Mission ""Panty Protector Always Duo Largo 16 Piezas - Always"" producto supermercado México"
139,P0139,6756,Limpiador Total Vidrios 750 Ml,Limpieza y Cuidado en el Hogar,Total,360.6,imagenes_reales\139_limpiador_total_vidrios_750_ml.jpg,descargado,https://surtitienda.vteximg.com.br/arquivos/ids/175594/07501021162034.1.jpg?v=637010475077300000,"Fabuloso Pinol Windex ""Limpiador Total Vidrios 750 Ml"" producto supermercado México"
140,P0140,5586,Insecticida H-24 Mata Moscas Y Mosquitos Aerosol 285grs - H24,Limpieza y Cuidado en el Hogar,H24,759.9,imagenes_reales\140_insecticida_h_24_mata_moscas_y_mosquitos_aerosol_285grs_h24.jpg,descargado,https://surtitienda.vteximg.com.br/arquivos/ids/169506/07501021110356.1.jpg?v=636862247958430000,"Raid Baygon ""Insecticida H-24 Mata Moscas Y Mosquitos Aerosol 285grs - H24"" producto supermercado México"
141,P0141,5582,Insecticida H-24 Domestico Aerosol 309grs - H24,Limpieza y Cuidado en el Hogar,H24,638.7,imagenes_reales\141_insecticida_h_24_domestico_aerosol_309grs_h24.jpg,descargado,https://surtitienda.vteximg.com.br/arquivos/ids/169482/07501021110257.1.jpg?v=636862247862030000,"Raid Baygon ""Insecticida H-24 Domestico Aerosol 309grs - H24"" producto supermercado México"
142,P0142,6591,Blanqueador Bandera Concentrado 3.8Lt - Bandera,Limpieza y Cuidado en el Hogar,Bandera,215.3,imagenes_reales\142_blanqueador_bandera_concentrado_3_8lt_bandera.jpg,descargado,https://surtitienda.vteximg.com.br/arquivos/ids/170653/07501681100087.1.jpg?v=636862253589770000,"marca mexicana producto ""Blanqueador Bandera Concentrado 3.8Lt - Bandera"" producto supermercado México"
143,P0143,7025,Toalla Femenina Fiore Anat Sin Alas 8 Piezas - Fiore,Cuidado e Higiene Personal,Fiore,10.9,imagenes_reales\143_toalla_femenina_fiore_anat_sin_alas_8_piezas_fiore.jpg,descargado,https://surtitienda.vteximg.com.br/arquivos/ids/172793/00013117017830.1.jpg?v=636862261741500000,"marca mexicana producto ""Toalla Femenina Fiore Anat Sin Alas 8 Piezas - Fiore"" producto supermercado México"
144,P0144,7028,Toalla Femenina Fiore Nocturna con Alas con 8 pzas,Cuidado e Higiene Personal,Fiore,192.4,imagenes_reales\144_toalla_femenina_fiore_nocturna_con_alas_con_8_pzas.jpg,descargado,https://surtitienda.vteximg.com.br/arquivos/ids/172824/00013117017854.1.jpg?v=636862261862530000,"marca mexicana producto ""Toalla Femenina Fiore Nocturna con Alas con 8 pzas"" producto supermercado México"
145,P0145,11326,Toalla Femenina Fiore Anatómica 8 Pzs - Fiore,Cuidado e Higiene Personal,Fiore,12.4,imagenes_reales\145_toalla_femenina_fiore_anatomica_8_pzs_fiore.jpg,descargado,https://surtitienda.vteximg.com.br/arquivos/ids/181442/00013117017823.1.jpg?v=637062482997070000,"marca mexicana producto ""Toalla Femenina Fiore Anatómica 8 Pzs - Fiore"" producto supermercado México"
146,P0146,6371,Papel Higienico Hortencia Rollo 300 Hojas 4 Rollos - Hortencia,Limpieza y Cuidado en el Hogar,Hortencia,22.4,imagenes_reales\146_papel_higienico_hortencia_rollo_300_hojas_4_rollos_hortencia.jpg,descargado,https://surtitienda.vteximg.com.br/arquivos/ids/170231/07501050410397.1.jpg?v=636862251479470000,"marca mexicana producto ""Papel Higienico Hortencia Rollo 300 Hojas 4 Rollos - Hortencia"" producto supermercado México"
147,P0147,7234,Jabon Heno De Pravia Original 175grs - Heno De Pravia,Cuidado e Higiene Personal,Heno De Pravia,32.0,imagenes_reales\147_jabon_heno_de_pravia_original_175grs_heno_de_pravia.jpg,descargado,https://surtitienda.vteximg.com.br/arquivos/ids/171306/08410225520542.1.jpg?v=636862256076970000,"marca mexicana producto ""Jabon Heno De Pravia Original 175grs - Heno De Pravia"" producto supermercado México"
148,P0148,9724,Pañal Suavelastic Max Grande 14 Pzas - Suavelastic,Limpieza y Cuidado en el Hogar,SUAVELASTIC,91.2,imagenes_reales\148_panal_suavelastic_max_grande_14_pzas_suavelastic.jpg,descargado,https://surtitienda.vteximg.com.br/arquivos/ids/178384/07501017376995.1.jpg?v=637062410387500000,"marca mexicana producto ""Pañal Suavelastic Max Grande 14 Pzas - Suavelastic"" producto supermercado México"
149,P0149,9723,Pañal Suavelastic Max Mediano 14 Pzas - Suavelastic,Limpieza y Cuidado en el Hogar,SUAVELASTIC,74.5,imagenes_reales\149_panal_suavelastic_max_mediano_14_pzas_suavelastic.jpg,descargado,https://surtitienda.vteximg.com.br/arquivos/ids/178378/07501017376971.1.jpg?v=637062410358200000,"marca mexicana producto ""Pañal Suavelastic Max Mediano 14 Pzas - Suavelastic"" producto supermercado México"
150,P0150,6073,Pastilla Blasa Aromate/Canast 80grs - Blasa,Limpieza y Cuidado en el Hogar,Blasa,612.6,imagenes_reales\150_pastilla_blasa_aromate_canast_80grs_blasa.jpg,descargado,https://surtitienda.vteximg.com.br/arquivos/ids/168985/07501016802204.1.jpg?v=636862246233930000,"marca mexicana producto ""Pastilla Blasa Aromate/Canast 80grs - Blasa"" producto supermercado México"
